S.No.,Statement_Id,Title,Description,Category
1,HCHEM01,Leak Detection in Pipelines,"Description: Pipeline leaks pose environmental, safety, and economic risks. IoT-enabled
systems with distributed sensors can monitor pipelines to detect and mitigate leaks.
Objective: Design a real-time leak detection system that identifies and locates leaks using
pressure, flow rates, or chemical compound sensors. Integrate with control systems to initiate automatic containment protocols.  Analyze sensor data for anomalies and generate alerts with precise geolocation.
Expected Outcomes: Reduced environmental impact, enhanced safety, and minimized
operational losses.","Software /
Hardware"
2,HCHEM02,Predictive Maintenance for Equipment,"Description: Predictive maintenance helps avoid unplanned equipment downtime by
identifying potential failures before they occur.
Objective: Build an AI-powered system to monitor equipment health, predict failures, and
recommend maintenance actions. Use historical and real-time operational data to identify failure patterns. Automate maintenance scheduling to ensure operational continuity.
Expected Outcomes: Reduced downtime, lower maintenance costs, and improved equipment
reliability.",Software
3,HCHEM03,Carbon Capture and Utilization (CCU),"Description: Carbon capture and utilization technology can mitigate CO₂ emissions by
converting captured CO₂ into valuable chemicals or fuels.
Objective: Develop an energy-efficient CCU system that integrates carbon capture with
catalytic conversion. Use technologies like solvent absorption or membrane separation for efficient
CO₂ capture. Adapt the system for seamless integration into existing industrial setups.
Expected Outcomes: Reduced carbon emissions, new revenue streams, and a step toward
sustainable industry practices.","Software /
Hardware"
4,HCHEM04,Self-Healing Polymers,"Description: Frequent wear and tear of materials result in waste and maintenance costs. Self-
healing polymers can autonomously repair damage, improving durability.
Objective: Develop polymers with self-healing properties triggered by heat, light, or
moisture. Innovation: Use techniques like microencapsulation or reversible chemical bonds. Apply in coatings for industrial machinery, infrastructure, and consumer goods.
Expected Outcomes: Increased material lifespan, reduced waste, and enhanced durability
across applications.",Hardware
5,HCHEM05,Nanoparticle-Based Drug Delivery Systems,"Description: Nanoparticles offer precise and controlled drug delivery, improving treatment
efficacy and reducing side effects.
Objective: Develop a system using biodegradable nanoparticles for targeted drug delivery to
specific tissues or cells. Address drug stability, controlled release, and targeting accuracy. Applications:
Apply in therapies requiring high precision, such as cancer treatment. 
Expected Outcomes: Improved therapeutic outcomes, reduced side effects, and advancements in precision
medicine.",Hardware
6,HCHEM06,"AI-Optimized Sustainable Chemical Process Design
(SDG 9, SDG 12)","Description: Optimizing chemical processes to reduce energy consumption and
environmental impact is key to making industrial practices more sustainable. AI can be used
to analyze and adjust process parameters in real-time, leading to more efficient and eco-
friendly chemical production.
Objective: Develop an AI-based system that optimizes chemical process parameters to
minimize energy consumption and reduce environmental impact, promoting sustainable
industrial practices.
Expected Outcomes: Reduced energy consumption in chemical processes, Lower
environmental impact, More sustainable chemical production systems.",Software
7,HCHEM07,"AI-Powered Predictive Maintenance in Chemical Plants
(SDG 9, SDG 12)","Description: Predictive maintenance helps prevent failures and improve the operational
efficiency of chemical plants by monitoring equipment health. AI can predict potential
failures and suggest maintenance actions, reducing downtime and improving safety.
Objective: Create an AI-driven predictive maintenance system that monitors equipment
health in chemical plants, anticipating failures to enhance safety and operational efficiency.
Expected Outcomes: Reduced downtime, Enhanced safety in chemical plants, Prolonged
equipment lifespan, Improved operational efficiency.",Software
8,HBIOT01,Smart Crop Rotation Optimization,"Description: Crop rotation is critical for maintaining soil fertility and mitigating climate
change. Alternating C3 and C4 plants optimizes photosynthesis and reduces carbon
emissions.
Objective: Develop an AI/ML tool to recommend optimal crop rotation patterns. Data
Analysis: Use historical and climatic data to analyze crop yields.
Expected Outcomes: Enhance agricultural productivity, reduce carbon footprints, and
promote sustainable farming practices.",Software
9,HBIOT02,Precision Food Adulterant Detection with AI,"Description: Food adulteration is a significant public health challenge. Identifying
adulterants efficiently requires advanced computational methods.
Objective: Design an AI-powered system to classify food adulterants. Leverage big data to identify adulteration trends. Machine Learning: Build
predictive models using chemical databases.
Expected Outcomes: Accurate detection of food adulterants, improved public health, and
safer food supply chains.",Software
10,HBIOT03,AI for Bioremediation Pathway Prediction,"Description: Bioremediation using microbes can reduce environmental pollutants, but
predicting biodegradation pathways remains a challenge.
Objective: Create an AI platform to predict biodegradation pathways. Analyze microbial data to identify biodegradation capabilities. Use computational biology datasets to map degradation routes.
Expected Outcomes: Accelerate environmental cleanup and enhance bioremediation
effectiveness.",Software
11,HBIOT04,Biosensor Signal Processing Software,"Description: Biosensors generate complex data that require advanced software for
accurate signal interpretation.
Objective: Develop software to process biosensor data. Enhance detection precision for diagnostics and wearables. Provide actionable insights for healthcare applications.
Expected Outcomes: Improved diagnostic accuracy and better healthcare decision-
making.",Software
12,HBIOT05,"AI-Enhanced Bioremediation Monitoring System
(SDG 6 and SDG 15)","Description: Bioremediation is a sustainable method for cleaning up environmental
contaminants using biological agents. AI can optimize and monitor the bioremediation
process, ensuring that the biological agents are effectively degrading pollutants and
enhancing environmental restoration efforts.
Objective: Create an AI-driven system to monitor and optimize bioremediation processes,
improving the efficiency of using biological agents to clean up environmental contaminants.
Expected Outcomes: More efficient bioremediation processes, Enhanced environmental
clean-up efforts, Improved sustainability in pollution management.","Software /
Hardware"
13,HBIOT06,AI-Powered Personalized Medicine Platform,"Description: Personalized medicine tailors healthcare to individual genetic profiles,
improving treatment outcomes and reducing adverse effects. AI can analyze genetic data and
other health information to recommend customized treatment plans, making healthcare more
effective and patient-centric.
Objective: Develop an AI-based platform that analyzes individual genetic profiles to
recommend personalized treatment plans, enhancing patient outcomes and minimizing
adverse reactions.
Expected Outcomes: Improved treatment accuracy, Reduced adverse drug reactions, More
personalized healthcare delivery.",Software
14,HCIVL01,Smart Monitoring and Analysis System for Concrete Structures,"Description: Develop a system for real-time monitoring of concrete curing and automated crack detection using practical tools and imaging technology.
Objective: Monitor curing parameters like moisture and temperature with simple tools and use imaging devices such as drones or smartphones to detect and analyze structural cracks.
 Enhance construction quality by addressing curing deviations and improve structural safety through early crack detection.
Expected Outcomes: Stronger and more durable concrete, reduced material waste, and efficient crack analysis for better maintenance.",Hardware
15,HCIVL02,Digital Twins for Real-Time Problem Solving,"Description: Develop virtual replicas of physical systems to analyze and optimize performance in real-time.
Objective: Utilize simulation tools and analytics within digital twin frameworks to model and monitor various processes or systems effectively.
Enable predictive maintenance, performance optimization, and real-time decision-making for diverse use cases such as infrastructure, manufacturing, or energy systems.
Expected Outcomes: Enhanced system performance, reduced operational costs, and improved efficiency through data-driven insights and proactive solutions.",Software
16,HCIVL03,Smart Infrastructure Maintenance Systems,"Description: Develop autonomous, self-repairing infrastructure systems that use advanced technologies for real-time evaluation and maintenance.
Objective: Implement self-healing materials and automated detection systems that autonomously repair damage or evaluate and report defects, adapting to environmental stressors and ensuring long-term durability. Critical infrastructure such as airport runways, airfields, military bases, and municipal roads.
Expected Outcomes: Reduced maintenance costs, extended infrastructure lifespan, enhanced safety, and improved resource allocation through real-time data collection and proactive repairs.",Hardware
17,HCIVL04,Advanced Traffic Control System for Urban Road Network,"Description: Urban traffic management needs adaptive solutions to optimize flow and reduce environmental impact.
Objective: Develop a traffic control system using dynamic lanes, modular intersections, and predictive modeling. Focus on sustainability, structural resilience, and minimal disruption during implementation.
Expected Outcomes: Improved traffic flow, Reduced congestion, Sustainable and resilient infrastructure.","Software /
Hardware"
18,HCVL05,AI-Powered Sustainable Urban Planning Tool,"Description: Urban planning is critical for creating livable and sustainable cities. AI can
optimize urban layouts to improve resource efficiency, reduce environmental impact, and
enhance quality of life for residents. This includes optimizing land use, transportation
systems, and energy consumption.
Objective: Create an AI-driven platform that assists in designing urban layouts optimized
for resource efficiency, reduced environmental impact, and improved quality of life.
Expected Outcomes: More sustainable and efficient urban layouts, Improved resource
management, Reduced environmental footprint of urban environments.","Software /
Hardware"
19,HMECH01,Smart Prosthetic Limb with Enhanced Comfort and Functionality,"Description: Prosthetic limbs must balance comfort, durability, and advanced functionality
while remaining affordable and user-friendly.
Objective: Design and prototype a smart prosthetic limb integrating technology for enhanced
adaptability, addressing affordability and sustainability. Use sensors and actuators for improved movement and adaptability to various
tasks.
Expected Outcomes: Affordable, functional, and user-friendly prosthetics that improve
quality of life for users.",Hardware
20,HMECH02,Modular Lightweight Body Armor for Soldiers,"Description: Modern soldiers require protective gear that offers safety without compromising mobility.
Objective: Design a modular, lightweight body armor system using advanced materials. Incorporate modular components for flexibility and customization. Enhance soldier protection and mobility in diverse combat scenarios. 
Expected Outcomes: Durable, lightweight body armor with improved functionality and adaptability.",Hardware
21,HMECH03,Drone Swarm Technology for Autonomous Operations,"Description: Challenging terrains require autonomous reconnaissance and surveillance solutions.
Objective: Develop a drone swarm system capable of reconnaissance, surveillance, and target acquisition in dense forests and urban areas. Utilize AI for autonomous navigation and coordination. Applications: Support Indian Army operations in challenging environments.
Expected Outcomes: Improved situational awareness and operational efficiency in military applications.",Hardware
22,HMECH04,Smart Cooling System for Data Centers and Industrial Machines,"Description: High energy consumption in cooling systems demands smarter and more efficient solutions.
Objective: Design a smart cooling system for data centers and industrial machines that dynamically regulates temperature using real-time data. Leverage advanced sensors and adaptive control strategies for efficient cooling. Reduce energy consumption and operational costs.
Expected Outcomes: Energy-efficient cooling systems that enhance performance and reduce environmental impact.","Software /
Hardware"
23,HMECH05,"AI-Enhanced Design of Sustainable Mechanical Systems
(SDG 9, SDG 12)","Description: The design of mechanical systems plays a significant role in determining their
energy efficiency and environmental impact. AI can optimize the design process to ensure
that mechanical systems are more sustainable and energy-efficient, reducing their ecological
footprint.
Objective: Develop an AI-assisted platform that optimizes the design of mechanical systems
to enhance energy efficiency and reduce environmental impact.
Expected Outcomes: Improved design of energy-efficient systems, Reduced environmental
impact from mechanical systems, More sustainable mechanical engineering practices.","Software /
Hardware"
24,HMECH06,Innovative Thermal Management System for Automotive Applications,"Description: Effective thermal management is essential for energy efficiency and performance in vehicles. Address challenges like battery regulation in EVs, engine cooling, and cabin climate control while ensuring sustainability and adaptability.
Objective: Develop an advanced thermal management system to optimize heat dissipation and energy efficiency in automotive applications, focusing on sustainability, cost-effectiveness, and adaptability to evolving technologies.
Expected Outcomes: Improved energy efficiency, Enhanced vehicle performance, Sustainable and adaptable thermal management solution","Software /
Hardware"
25,HCSIT01,Countering Misinformation and Ethical Challenges in Generative AI,"Description: The rapid increase of AI-generated content, such as deep fakes, poses threats to digital content integrity and ethical standards.
Objective: Build a system to detect manipulated media, mitigate misinformation, and promote ethical AI deployment. Use advanced algorithms to analyze images, videos, and text for signs of manipulation in real time. Implement guidelines and tools for responsible AI usage.
Expected Outcomes: Reduced spread of misinformation, ethical AI practices, and enhanced trust in digital media.",Software
26,HCSIT02,Immersive AR/VR Training for High-Risk Scenarios,"Description: Training for high-risk scenarios requires realistic environments without endangering participants. AR/VR provides a safe, controlled alternative.
Objective: Develop an immersive AR/VR solution for emergency response or hazardous material handling training. Simulate high-risk scenarios with real-time feedback for skill improvement. 
Applications: Emergency responders, industrial workers, and disaster management teams. 
Expected Outcomes: Safer training environments, improved preparedness, and reduced on-site accidents.",Software
27,HCSIT03,Cloud Application Dependency Analyzer,"Description: Cloud applications often suffer from bottlenecks or single points of failure due to complex dependencies.
Objective: Build a tool to automatically analyze cloud application dependencies and identify vulnerabilities. Detect and flag dependency bottlenecks or failure points. Provide actionable insights to improve system robustness.
Expected Outcomes: More reliable cloud applications, minimized downtimes, and improved system performance.",Software
28,HCSIT04,AI-Powered Data Quality Enhancer,"Description: Inconsistent and low-quality data hinder machine learning model training. AI tools can enhance data quality for better results.
Objective: Develop an AI tool to detect inconsistencies, duplicates, and anomalies in datasets. Provide suggestions for cleaning and diversifying data.Enhance machine learning model training and data reliability.
Expected Outcomes: Improved data quality, more accurate ML models, and reduced preprocessing time.",Software
29,HCSIT05,Mental Health Support Platform for Women in High-Stress Careers,"Description: Women in high-stress careers often face challenges like burnout and imposter syndrome, necessitating tailored mental health support.
Objective: Develop a platform offering mental health resources and peer support for women in demanding professions. Provide tailored solutions for individual needs.
Expected Outcomes: Reduced burnout, improved work-life balance, and better mental health support.",Software
30,HCSIT06,"AI-Powered Waste Management System
(SDG-11, SDG 12)","Description: Effective waste management and recycling are crucial for sustainable urban development. AI can automate waste segregation and optimize recycling processes to improve the efficiency of waste management systems.
Objective: Develop an AI-based solution to automate waste segregation and optimize recycling processes, enhancing efficiency in waste management systems.
Expected Outcomes : Waste classification and segregation using AI models, Optimization of recycling workflows, Monitoring waste generation and recycling rates.",Software
31,HCSIT07,"AI-Driven Renewable Energy Forecasting
(SDG 7, SDG 9)","Description: Accurate forecasting of renewable energy generation is key to balancing supply and demand in power grids. AI models can predict energy output from solar and wind sources, helping to stabilize the grid and improve energy distribution.
Objective: Create an AI model to predict energy generation from renewable sources, such as solar and wind, to enhance grid stability and energy distribution. Predict energy generation from renewable sources, Optimize energy storage and distribution, Improve grid management for renewable energy integration.
Expected Outcomes: More stable and reliable renewable energy supply, Enhanced grid
efficiency and integration, Reduced reliance on non-renewable energy sources.",Software
32,HECEE01,Wearable Technology for Marathon Runners,"Description: Monitoring physiological parameters during marathons ensures runner safety and performance optimization.
Objective: Create a wearable device to monitor heart rate, ECG, blood pressure, and blood oxygen levels in real time. Provide feedback and alerts to runners based on physiological data.Enhance performance and prevent health risks during prolonged physical activity.
Expected Outcomes: Improved runner safety, optimized performance, and actionable health insights.",Hardware
33,HECEE02,Gesture-Controlled Systems Without Cameras,"Description: Gesture-based systems can enhance user interaction while maintaining privacy and usability in various conditions.
Objective: Design a gesture recognition system using non-visual sensors like infrared or ultrasonic sensors. Enable control of electronic devices without the need for cameras or visual data. Ensure user data is secure with non-visual sensing methods.
Expected Outcomes: Increased device accessibility, improved privacy, and enhanced usability in low-light conditions.",Hardware
34,HECEE03,Drones for Tunnel or Mine Mapping and Fault Detection,"Description: Underground tunnels and mines require accurate mapping and fault detection for safety and operational efficiency.
Objective: Create an autonomous drone system to map tunnels, detect structural faults, and monitor hazardous conditions. Enhance safety and operational planning in underground environments. 
Expected Outcomes: Safer mining operations, reduced inspection time, and detailed structural analysis.","Software /
Hardware"
35,HECEE04,FPGA Based Application,"Description: FPGA platforms offer high-speed processing and efficiency for computationally intensive tasks like image processing.
Objective: Implement a real-time image processing system on an FPGA platform for tasks like edge detection or object recognition. Implement hardware acceleration for faster processing and energy efficiency. Real-time industrial vision, surveillance, or robotics.
Expected Outcomes: Faster image processing, reduced power consumption, and practical demonstration of FPGA advantages.",Hardware
36,HECEE05,Intelligent Battery Management System for Renewable Energy,"Description: Develop a BMS to optimize energy storage and distribution from renewable sources like solar and wind, ensuring efficient charging, enhanced battery lifespan, and real-time monitoring.
Objective: Create a system that improves renewable energy efficiency, ensures seamless integration, monitors battery health, and provides intuitive control interfaces.
Expected Outcome: A functional BMS prototype with real-time monitoring, efficient energy management, smooth renewable energy integration, and user-friendly control.",Hardware
37,HECEE06,"AI-Optimized Spectrum Management for 5G Networks
(SDG 9, SDG 12)","Description: Efficient spectrum management is crucial for the success of 5G networks. AI can
dynamically allocate and manage radio frequency spectrum to optimize bandwidth
utilization, reduce interference, and improve communication quality.
Objective: Develop an AI-based system that dynamically allocates and manages radio
frequency spectrum in 5G networks to optimize bandwidth utilization, reduce interference,
and enhance communication quality.
Expected Outcomes: Optimized bandwidth usage, Reduced network interference, Enhanced
communication quality in 5G networks.",Software
38,HECEE07,"AI-Driven Intelligent Antenna Systems for Sustainable Connectivity
(SDG 7, SDG 9)","Description: Intelligent antenna systems adapt to environmental changes and user needs,
enhancing connectivity. AI can enable antennas to adjust dynamically, optimizing signal
strength and reducing energy consumption for more sustainable communication solutions.
Objective: Create an AI-powered intelligent antenna system that adapts to environmental
conditions and user demands, optimizing signal strength and energy consumption to provide
sustainable and efficient connectivity solutions.
Expected Outcomes: Improved signal strength, Reduced energy consumption, More
sustainable connectivity solutions.",Software
39,HECEE08,"AI-Driven Fault Detection and Predictive Maintenance in Electrical Systems
(SDG 9, SDG 12)","Description: Preventing electrical system failures is essential for maintaining infrastructure
reliability. AI can monitor electrical systems, detect faults in real-time, and predict
maintenance needs, improving efficiency and minimizing downtime.
Objective: Create an AI-powered system that monitors electrical infrastructure to detect faults
in real-time and predict maintenance needs, thereby reducing downtime and enhancing
system reliability.
Expected Outcomes: Reduced downtime, Prolonged lifespan of electrical systems, Enhanced
system reliability and operational efficiency.","Software /
Hardware"
40,HECEE09,Automated Quality Checking of Export Fruits,"Description: Manual fruit inspections are slow and inconsistent, leading to quality issues in exports. An AI-driven system can automate defect detection, ripeness assessment, and quality classification to ensure compliance with export standards.

Objective: Create an AI-based solution for real-time fruit quality checks, integrating seamlessly with packing lines to improve accuracy and efficiency.

Expected Outcomes: Enhanced quality control, reduced rejection rates, and streamlined export processes.","Software /
Hardware"